Number,Title,Yardage,Description,TSS,Duration
1,Endurance Build #1,2000,"**Warm Up**
-  400 as: - 200 Swim @50-70% - 2x25 Kick - Take 5s - 100 Pull @70%
**Drill Set**
•  - Take 5-10s after each 25 Six Times Through... - 25 Press Your Buoy Drill - 25 Swim
**Pre-Set**
•  4x50 Swim in :45 (CS) on :55
**Main Set**
•  2x600 as follows, w/ 20s in between each: #1 in 9:10–9:17 (Z2) #2 in 9:26–9:33 (Z1) #3 in 8:59–9:06 (CS) #4 in 8:59–9:06 (CS)
**Cool Down**
•  2x25 Press Your Buoy Drill 1x50 Swim - focused on PYB and a neutral head - Take 5-10s between each

**Total: 3,699 yards (3,383 meters)**

**Total: 2000 yards**",40,2400
1,Endurance Build #1,2500,"**Warm Up**
-  400 as: - 200 Swim @50-70% - 3x25 Kick - Take 5s - 100 Pull @70%
**Drill Set**
•  - Take 5-10s after each 25 Six Times Through... - 25 Press Your Buoy Drill - 25 Swim
**Pre-Set**
•  5x50 Swim in :45 (CS) on :55
**Main Set**
•  3x600 as follows, w/ 20s in between each: #1 in 9:10–9:17 (Z2) #2 in 9:26–9:33 (Z1) #3 in 8:59–9:06 (CS) #4 in 8:59–9:06 (CS)
**Cool Down**
•  3x25 Press Your Buoy Drill 1x50 Swim - focused on PYB and a neutral head - Take 5-10s between each

**Total: 3,699 yards (3,383 meters)**

**Total: 2500 yards**",50,3000
1,Endurance Build #1,3000,"**Warm Up**
-  400 as: - 200 Swim @50-70% - 3x25 Kick - Take 5s - 100 Pull @70%
**Drill Set**
•  - Take 5-10s after each 25 Six Times Through... - 25 Press Your Buoy Drill - 25 Swim
**Pre-Set**
•  6x50 Swim in :45 (CS) on :55
**Main Set**
•  3x600 as follows, w/ 20s in between each: #1 in 9:10–9:17 (Z2) #2 in 9:26–9:33 (Z1) #3 in 8:59–9:06 (CS) #4 in 8:59–9:06 (CS)
**Cool Down**
•  3x25 Press Your Buoy Drill 2x50 Swim - focused on PYB and a neutral head - Take 5-10s between each

**Total: 3,699 yards (3,383 meters)**

**Total: 3000 yards**",60,3600
1,Endurance Build #1,3500,"**Warm Up**
-  400 as: - 200 Swim @50-70% - 4x25 Kick - Take 5s - 100 Pull @70%
**Drill Set**
•  - Take 5-10s after each 25 Six Times Through... - 25 Press Your Buoy Drill - 25 Swim
**Pre-Set**
•  8x50 Swim in :45 (CS) on :55
**Main Set**
•  4x600 as follows, w/ 20s in between each: #1 in 9:10–9:17 (Z2) #2 in 9:26–9:33 (Z1) #3 in 8:59–9:06 (CS) #4 in 8:59–9:06 (CS)
**Cool Down**
•  4x25 Press Your Buoy Drill 2x50 Swim - focused on PYB and a neutral head - Take 5-10s between each

**Total: 3,699 yards (3,383 meters)**

**Total: 3500 yards**",70,4200
1,Endurance Build #1,3700,"**Warm-Up**
  -  400 as: - 200 Swim @50-70% - 4x25 Kick - Take 5s - 100 Pull @70% 
**Drill Set**
•  - Take 5-10s after each 25 Six Times Through... - 25 Press Your Buoy Drill - 25 Swim 
**Pre-Set**
•  8x50 Swim in :45 (CS) on :55 
**Main Set**
•  4x600 as follows, w/ 20s in between each: #1 in 9:10–9:17 (Z2) #2 in 9:26–9:33 (Z1) #3 in 8:59–9:06 (CS) #4 in 8:59–9:06 (CS) 
**Cool-Down**
•  4x25 Press Your Buoy Drill 2x50 Swim - focused on PYB and a neutral head - Take 5-10s between each

**Total: 3,699 yards (3,383 meters)**",74,4440
2,Speed and Power #1,2000,"**Warm Up**
-  500 as: - 300 Swim @50-70% - 2x25 Kick - Take 5s - 100 Pull @60-70%
**Drill Set**
•  5x25 3-2-3 Drill*
**Pre-Set**
•  Eight Times Through... - 25 KOB - Take 5s - 50 Swim @80% - Take 10s
**Main Set**
•  - Two Times Through... 6x50 Swim in :41 (10%) on 1:00 2x100 Swim in 1:30 (CS) on 1:40 100 EASY
**Cool Down**
•  2x25 3-2-3 Drill 100 Choice

**Total: 3,499 yards (3,200 meters)**

**Total: 2000 yards**",40,2400
2,Speed and Power #1,2500,"**Warm Up**
-  500 as: - 300 Swim @50-70% - 3x25 Kick - Take 5s - 100 Pull @60-70%
**Drill Set**
•  6x25 3-2-3 Drill*
**Pre-Set**
•  Eight Times Through... - 25 KOB - Take 5s - 50 Swim @80% - Take 10s
**Main Set**
•  - Two Times Through... 7x50 Swim in :41 (10%) on 1:00 3x100 Swim in 1:30 (CS) on 1:40 100 EASY
**Cool Down**
•  3x25 3-2-3 Drill 100 Choice

**Total: 3,499 yards (3,200 meters)**

**Total: 2500 yards**",50,3000
2,Speed and Power #1,3000,"**Warm Up**
-  500 as: - 300 Swim @50-70% - 3x25 Kick - Take 5s - 100 Pull @60-70%
**Drill Set**
•  7x25 3-2-3 Drill*
**Pre-Set**
•  Eight Times Through... - 25 KOB - Take 5s - 50 Swim @80% - Take 10s
**Main Set**
•  - Two Times Through... 9x50 Swim in :41 (10%) on 1:00 3x100 Swim in 1:30 (CS) on 1:40 100 EASY
**Cool Down**
•  3x25 3-2-3 Drill 100 Choice

**Total: 3,499 yards (3,200 meters)**

**Total: 3000 yards**",60,3600
2,Speed and Power #1,3500,"**Warm-Up**
  -  500 as: - 300 Swim @50-70% - 4x25 Kick - Take 5s - 100 Pull @60-70% 
**Drill Set**
•  8x25 3-2-3 Drill* 
**Pre-Set**
•  Eight Times Through... - 25 KOB - Take 5s - 50 Swim @80% - Take 10s 
**Main Set**
•  - Two Times Through... 10x50 Swim in :41 (10%) on 1:00 4x100 Swim in 1:30 (CS) on 1:40 100 EASY 
**Cool-Down**
•  4x25 3-2-3 Drill 100 Choice

**Total: 3,499 yards (3,200 meters)**",70,4200
3,Open Water Skills #1,2000,"**Warm Up**
-  600 as: - 300 Swim @50-70% - 4x25 Kick - Take 5s - 100 Pull @60-70%
**Drill Set**
•  4x25 Press Your Buoy Drill - Take 5-10s 4x25 TARZAN Swim - Take 5-10s
**Pre-Set**
•  2x50 Swim as 25 HIGH Turnover, 25 Steady 2x50 Swim as 25 OVER-Kick, 25 Limit Kick
**Main Set**
•  - Two Times Through... 1x400 in 6:06–6:11 (Z2), sight in the middle of each length on 6:30 1x100 @HIGH uptempo, with no walls* - Take 10s 100 EASY reset
**Cool Down**
•  2x25 Press Your Buoy Drill - Take 5-10s 2x25 TARZAN Swim - Take 5-10s 100 Choice

**Total: 3,899 yards (3,566 meters)**

**Total: 2000 yards**",40,2400
3,Open Water Skills #1,2500,"**Warm Up**
-  600 as: - 300 Swim @50-70% - 5x25 Kick - Take 5s - 100 Pull @60-70%
**Drill Set**
•  5x25 Press Your Buoy Drill - Take 5-10s 5x25 TARZAN Swim - Take 5-10s
**Pre-Set**
•  3x50 Swim as 25 HIGH Turnover, 25 Steady 3x50 Swim as 25 OVER-Kick, 25 Limit Kick
**Main Set**
•  - Two Times Through... 1x400 in 6:06–6:11 (Z2), sight in the middle of each length on 6:30 1x100 @HIGH uptempo, with no walls* - Take 10s 100 EASY reset
**Cool Down**
•  3x25 Press Your Buoy Drill - Take 5-10s 3x25 TARZAN Swim - Take 5-10s 100 Choice

**Total: 3,899 yards (3,566 meters)**

**Total: 2500 yards**",50,3000
3,Open Water Skills #1,3000,"**Warm Up**
-  600 as: - 300 Swim @50-70% - 6x25 Kick - Take 5s - 100 Pull @60-70%
**Drill Set**
•  6x25 Press Your Buoy Drill - Take 5-10s 6x25 TARZAN Swim - Take 5-10s
**Pre-Set**
•  3x50 Swim as 25 HIGH Turnover, 25 Steady 3x50 Swim as 25 OVER-Kick, 25 Limit Kick
**Main Set**
•  - Two Times Through... 2x400 in 6:06–6:11 (Z2), sight in the middle of each length on 6:30 2x100 @HIGH uptempo, with no walls* - Take 10s 100 EASY reset
**Cool Down**
•  3x25 Press Your Buoy Drill - Take 5-10s 3x25 TARZAN Swim - Take 5-10s 100 Choice

**Total: 3,899 yards (3,566 meters)**

**Total: 3000 yards**",60,3600
3,Open Water Skills #1,3500,"**Warm Up**
-  600 as: - 300 Swim @50-70% - 7x25 Kick - Take 5s - 100 Pull @60-70%
**Drill Set**
•  7x25 Press Your Buoy Drill - Take 5-10s 7x25 TARZAN Swim - Take 5-10s
**Pre-Set**
•  4x50 Swim as 25 HIGH Turnover, 25 Steady 4x50 Swim as 25 OVER-Kick, 25 Limit Kick
**Main Set**
•  - Two Times Through... 2x400 in 6:06–6:11 (Z2), sight in the middle of each length on 6:30 2x100 @HIGH uptempo, with no walls* - Take 10s 100 EASY reset
**Cool Down**
•  4x25 Press Your Buoy Drill - Take 5-10s 4x25 TARZAN Swim - Take 5-10s 100 Choice

**Total: 3,899 yards (3,566 meters)**

**Total: 3500 yards**",70,4200
3,Open Water Skills #1,3900,"**Warm-Up**
  -  600 as: - 300 Swim @50-70% - 8x25 Kick - Take 5s - 100 Pull @60-70% 
**Drill Set**
•  8x25 Press Your Buoy Drill - Take 5-10s 8x25 TARZAN Swim - Take 5-10s 
**Pre-Set**
•  4x50 Swim as 25 HIGH Turnover, 25 Steady 4x50 Swim as 25 OVER-Kick, 25 Limit Kick 
**Main Set**
•  - Two Times Through... 2x400 in 6:06–6:11 (Z2), sight in the middle of each length on 6:30 2x100 @HIGH uptempo, with no walls* - Take 10s 100 EASY reset 
**Cool-Down**
•  4x25 Press Your Buoy Drill - Take 5-10s 4x25 TARZAN Swim - Take 5-10s 100 Choice

**Total: 3,899 yards (3,566 meters)**",78,4680
4,Endurance Build #2,2000,"**Warm Up**
-  400 as: - 200 Swim @50–70% - 100 Pull/Paddles @70% - 2x25 FAST Swim – Take 10s
**Drill Set**
•  – Take 5–10s after each 50 Six Times Through... - 25 Finger Tip Drag - 25 Swim
**Pre-Set**
•  8x(25 Kick, 50 Swim @80% – Take 10s)
**Main Set**
•  3x100 Swim in 1:30 (CS) on 1:40 1x250 Swim in 3:49–3:52 (Z2) on 4:05 500 Swim in 7:38–7:44 (Z2) on 8:00 2x100 Swim in 1:26 (5%) on 1:45
**Cool Down**
•  2x25 Finger Tip Drag – Take 5s 100 Swim br 3/5/7/3 by 25

**Total: 3,499 yards (3,200 meters)**

**Total: 2000 yards**",40,2400
4,Endurance Build #2,2500,"**Warm Up**
-  400 as: - 200 Swim @50–70% - 100 Pull/Paddles @70% - 3x25 FAST Swim – Take 10s
**Drill Set**
•  – Take 5–10s after each 50 Six Times Through... - 25 Finger Tip Drag - 25 Swim
**Pre-Set**
•  8x(25 Kick, 50 Swim @80% – Take 10s)
**Main Set**
•  4x100 Swim in 1:30 (CS) on 1:40 1x250 Swim in 3:49–3:52 (Z2) on 4:05 500 Swim in 7:38–7:44 (Z2) on 8:00 3x100 Swim in 1:26 (5%) on 1:45
**Cool Down**
•  3x25 Finger Tip Drag – Take 5s 100 Swim br 3/5/7/3 by 25

**Total: 3,499 yards (3,200 meters)**

**Total: 2500 yards**",50,3000
4,Endurance Build #2,3000,"**Warm Up**
-  400 as: - 200 Swim @50–70% - 100 Pull/Paddles @70% - 3x25 FAST Swim – Take 10s
**Drill Set**
•  – Take 5–10s after each 50 Six Times Through... - 25 Finger Tip Drag - 25 Swim
**Pre-Set**
•  8x(25 Kick, 50 Swim @80% – Take 10s)
**Main Set**
•  5x100 Swim in 1:30 (CS) on 1:40 2x250 Swim in 3:49–3:52 (Z2) on 4:05 500 Swim in 7:38–7:44 (Z2) on 8:00 3x100 Swim in 1:26 (5%) on 1:45
**Cool Down**
•  3x25 Finger Tip Drag – Take 5s 100 Swim br 3/5/7/3 by 25

**Total: 3,499 yards (3,200 meters)**

**Total: 3000 yards**",60,3600
4,Endurance Build #2,3500,"**Warm-Up**
  -  400 as: - 200 Swim @50–70% - 100 Pull/Paddles @70% - 4x25 FAST Swim – Take 10s 
**Drill Set**
•  – Take 5–10s after each 50 Six Times Through... - 25 Finger Tip Drag - 25 Swim 
**Pre-Set**
•  8x(25 Kick, 50 Swim @80% – Take 10s) 
**Main Set**
•  6x100 Swim in 1:30 (CS) on 1:40 2x250 Swim in 3:49–3:52 (Z2) on 4:05 500 Swim in 7:38–7:44 (Z2) on 8:00 4x100 Swim in 1:26 (5%) on 1:45 
**Cool-Down**
•  4x25 Finger Tip Drag – Take 5s 100 Swim br 3/5/7/3 by 25

**Total: 3,499 yards (3,200 meters)**",70,4200
5,Speed and Power #2,2000,"**Warm Up**
-  500 as: - 200 Swim @50–70% - 2x25 Kick – Take 5s - 100 Pull @60–70% - 2x25 FAST Swim – Take 5–10s
**Drill Set**
•  3x50 as 25 Front Scull / 25 Swim – Take 5–10s
**Pre-Set**
•  500 Swim as 100H/100E, 75H/75E, 50H/50E, 25H/25E
**Main Set**
•  9x50 Swim in :43 (5%) on 1:00 5x25 Swim in :20 (10%) on :35 1x100 Swim in 1:30 (CS) on 1:40 200 Swim in 3:03–3:06 (Z2) on 3:20 7x50 Swim in :43 (5%) on 1:00
**Cool Down**
•  2x25 Scull – Take 5s 100 Choice

**Total: 3,499 yards (3,200 meters)**

**Total: 2000 yards**",40,2400
5,Speed and Power #2,2500,"**Warm Up**
-  500 as: - 200 Swim @50–70% - 3x25 Kick – Take 5s - 100 Pull @60–70% - 3x25 FAST Swim – Take 5–10s
**Drill Set**
•  4x50 as 25 Front Scull / 25 Swim – Take 5–10s
**Pre-Set**
•  500 Swim as 100H/100E, 75H/75E, 50H/50E, 25H/25E
**Main Set**
•  11x50 Swim in :43 (5%) on 1:00 6x25 Swim in :20 (10%) on :35 1x100 Swim in 1:30 (CS) on 1:40 200 Swim in 3:03–3:06 (Z2) on 3:20 9x50 Swim in :43 (5%) on 1:00
**Cool Down**
•  3x25 Scull – Take 5s 100 Choice

**Total: 3,499 yards (3,200 meters)**

**Total: 2500 yards**",50,3000
5,Speed and Power #2,3000,"**Warm Up**
-  500 as: - 200 Swim @50–70% - 3x25 Kick – Take 5s - 100 Pull @60–70% - 3x25 FAST Swim – Take 5–10s
**Drill Set**
•  5x50 as 25 Front Scull / 25 Swim – Take 5–10s
**Pre-Set**
•  500 Swim as 100H/100E, 75H/75E, 50H/50E, 25H/25E
**Main Set**
•  14x50 Swim in :43 (5%) on 1:00 7x25 Swim in :20 (10%) on :35 2x100 Swim in 1:30 (CS) on 1:40 200 Swim in 3:03–3:06 (Z2) on 3:20 10x50 Swim in :43 (5%) on 1:00
**Cool Down**
•  3x25 Scull – Take 5s 100 Choice

**Total: 3,499 yards (3,200 meters)**

**Total: 3000 yards**",60,3600
5,Speed and Power #2,3500,"**Warm-Up**
  -  500 as: - 200 Swim @50–70% - 4x25 Kick – Take 5s - 100 Pull @60–70% - 4x25 FAST Swim – Take 5–10s 
**Drill Set**
•  6x50 as 25 Front Scull / 25 Swim – Take 5–10s 
**Pre-Set**
•  500 Swim as 100H/100E, 75H/75E, 50H/50E, 25H/25E 
**Main Set**
•  16x50 Swim in :43 (5%) on 1:00 8x25 Swim in :20 (10%) on :35 2x100 Swim in 1:30 (CS) on 1:40 200 Swim in 3:03–3:06 (Z2) on 3:20 12x50 Swim in :43 (5%) on 1:00 
**Cool-Down**
•  4x25 Scull – Take 5s 100 Choice

**Total: 3,499 yards (3,200 meters)**",70,4200
7,Endurance Build #3,2000,"**Warm Up**
-  500 as: - 300 Swim @50-60% - 2x25 Kick - Take 5-10s - 2x25 Swim as 12.5 HARD / 12.5 EASY - Take 5-10s
**Drill Set**
•  - Take 5-10s after each 50 3x50 as: - ODDS: Catch-Up Drill - EVENS: 6-Kick Switch Drill
**Pre-Set**
•  500 Pull/Paddles as 100H/100E, 75H/75E, 50H/50E, 25H/25E
**Main Set**
•  3x400 - Take 15-20s after each, as: #1 - @70% br3 #2 - in 6:06–6:11 (Z2) #3 - @70% br3 #4 - in 5:59–6:04 (CS) #5 - Paddles @70% br3
**Cool Down**
•  2x25 Catch-Up Drill - Take 5s 100 Swim br 3/5/7/3 by 25

**Total: 3,499 yards (3,200 meters)**

**Total: 2000 yards**",40,2400
7,Endurance Build #3,2500,"**Warm Up**
-  500 as: - 300 Swim @50-60% - 3x25 Kick - Take 5-10s - 3x25 Swim as 12.5 HARD / 12.5 EASY - Take 5-10s
**Drill Set**
•  - Take 5-10s after each 50 4x50 as: - ODDS: Catch-Up Drill - EVENS: 6-Kick Switch Drill
**Pre-Set**
•  500 Pull/Paddles as 100H/100E, 75H/75E, 50H/50E, 25H/25E
**Main Set**
•  4x400 - Take 15-20s after each, as: #1 - @70% br3 #2 - in 6:06–6:11 (Z2) #3 - @70% br3 #4 - in 5:59–6:04 (CS) #5 - Paddles @70% br3
**Cool Down**
•  3x25 Catch-Up Drill - Take 5s 100 Swim br 3/5/7/3 by 25

**Total: 3,499 yards (3,200 meters)**

**Total: 2500 yards**",50,3000
7,Endurance Build #3,3000,"**Warm Up**
-  500 as: - 300 Swim @50-60% - 3x25 Kick - Take 5-10s - 3x25 Swim as 12.5 HARD / 12.5 EASY - Take 5-10s
**Drill Set**
•  - Take 5-10s after each 50 5x50 as: - ODDS: Catch-Up Drill - EVENS: 6-Kick Switch Drill
**Pre-Set**
•  500 Pull/Paddles as 100H/100E, 75H/75E, 50H/50E, 25H/25E
**Main Set**
•  4x400 - Take 15-20s after each, as: #1 - @70% br3 #2 - in 6:06–6:11 (Z2) #3 - @70% br3 #4 - in 5:59–6:04 (CS) #5 - Paddles @70% br3
**Cool Down**
•  3x25 Catch-Up Drill - Take 5s 100 Swim br 3/5/7/3 by 25

**Total: 3,499 yards (3,200 meters)**

**Total: 3000 yards**",60,3600
7,Endurance Build #3,3500,"**Warm-Up**
  -  500 as: - 300 Swim @50-60% - 4x25 Kick - Take 5-10s - 4x25 Swim as 12.5 HARD / 12.5 EASY - Take 5-10s 
**Drill Set**
•  - Take 5-10s after each 50 6x50 as: - ODDS: Catch-Up Drill - EVENS: 6-Kick Switch Drill 
**Pre-Set**
•  500 Pull/Paddles as 100H/100E, 75H/75E, 50H/50E, 25H/25E 
**Main Set**
•  5x400 - Take 15-20s after each, as: #1 - @70% br3 #2 - in 6:06–6:11 (Z2) #3 - @70% br3 #4 - in 5:59–6:04 (CS) #5 - Paddles @70% br3 
**Cool-Down**
•  4x25 Catch-Up Drill - Take 5s 100 Swim br 3/5/7/3 by 25

**Total: 3,499 yards (3,200 meters)**",70,4200
8,Speed and Power #3,2000,"**Warm Up**
-  500 as: - 200 Swim @50-70% - 2x25 Kick - Take 5s - 100 Pull @60-70% - 2x25 Swim, sight every 6 strokes - Take 5-10s
**Drill Set**
•  3x50 Swim - Take 10s, as: - ODDS: @70% br3 - EVENS: Build from 70% to 90%
**Pre-Set**
•  6x50 - Take 10-15s, as: - ODDS: Swim @70% w/ OVER-Kick - EVENS: Pull @70-80%
**Main Set**
•  2x300 Swim in 4:34–4:38 (Z2) on 4:50 2x200 Pull, as: - ODDS: @80% - EVENS: Negative split 3x50 Swim :43 (5%) on 1:00
**Cool Down**
•  1x50 EASY Swim br3 - Take 10s 100 Choice

**Total: 3,499 yards (3,200 meters)**

**Total: 2000 yards**",40,2400
8,Speed and Power #3,2500,"**Warm Up**
-  500 as: - 200 Swim @50-70% - 3x25 Kick - Take 5s - 100 Pull @60-70% - 3x25 Swim, sight every 6 strokes - Take 5-10s
**Drill Set**
•  4x50 Swim - Take 10s, as: - ODDS: @70% br3 - EVENS: Build from 70% to 90%
**Pre-Set**
•  7x50 - Take 10-15s, as: - ODDS: Swim @70% w/ OVER-Kick - EVENS: Pull @70-80%
**Main Set**
•  2x300 Swim in 4:34–4:38 (Z2) on 4:50 3x200 Pull, as: - ODDS: @80% - EVENS: Negative split 4x50 Swim :43 (5%) on 1:00
**Cool Down**
•  1x50 EASY Swim br3 - Take 10s 100 Choice

**Total: 3,499 yards (3,200 meters)**

**Total: 2500 yards**",50,3000
8,Speed and Power #3,3000,"**Warm Up**
-  500 as: - 200 Swim @50-70% - 3x25 Kick - Take 5s - 100 Pull @60-70% - 3x25 Swim, sight every 6 strokes - Take 5-10s
**Drill Set**
•  5x50 Swim - Take 10s, as: - ODDS: @70% br3 - EVENS: Build from 70% to 90%
**Pre-Set**
•  9x50 - Take 10-15s, as: - ODDS: Swim @70% w/ OVER-Kick - EVENS: Pull @70-80%
**Main Set**
•  3x300 Swim in 4:34–4:38 (Z2) on 4:50 3x200 Pull, as: - ODDS: @80% - EVENS: Negative split 5x50 Swim :43 (5%) on 1:00
**Cool Down**
•  2x50 EASY Swim br3 - Take 10s 100 Choice

**Total: 3,499 yards (3,200 meters)**

**Total: 3000 yards**",60,3600
8,Speed and Power #3,3500,"**Warm-Up**
  -  500 as: - 200 Swim @50-70% - 4x25 Kick - Take 5s - 100 Pull @60-70% - 4x25 Swim, sight every 6 strokes - Take 5-10s 
**Drill Set**
•  6x50 Swim - Take 10s, as: - ODDS: @70% br3 - EVENS: Build from 70% to 90% 
**Pre-Set**
•  10x50 - Take 10-15s, as: - ODDS: Swim @70% w/ OVER-Kick - EVENS: Pull @70-80% 
**Main Set**
•  3x300 Swim in 4:34–4:38 (Z2) on 4:50 4x200 Pull, as: - ODDS: @80% - EVENS: Negative split 6x50 Swim :43 (5%) on 1:00 
**Cool-Down**
•  2x50 EASY Swim br3 - Take 10s 100 Choice

**Total: 3,499 yards (3,200 meters)**",70,4200
10,Endurance Build #4,2000,"**Warm Up**
-  700 as: - 200 @50-70% - 200 Pull @70% - 2x50 Swim in :45 (CS) on :55 - 2x25 FAST - Take 10s
**Drill Set**
•  6x(25 Front Scull / 25 Swim) - Take 10s
**Pre-Set**
•  600 Swim as 25H / 25E
**Main Set**
•  2x200 Pull/Paddles @70-80% - Take 20s 5x50 BAND - Take 15s 3x100 Pull @80-90% - Take 20s
**Cool Down**
•  200 Swim br 3/5/3/7

**Total: 3,499 yards (3,200 meters)**

**Total: 2000 yards**",40,2400
10,Endurance Build #4,2500,"**Warm Up**
-  700 as: - 200 @50-70% - 200 Pull @70% - 3x50 Swim in :45 (CS) on :55 - 3x25 FAST - Take 10s
**Drill Set**
•  6x(25 Front Scull / 25 Swim) - Take 10s
**Pre-Set**
•  600 Swim as 25H / 25E
**Main Set**
•  3x200 Pull/Paddles @70-80% - Take 20s 6x50 BAND - Take 15s 4x100 Pull @80-90% - Take 20s
**Cool Down**
•  200 Swim br 3/5/3/7

**Total: 3,499 yards (3,200 meters)**

**Total: 2500 yards**",50,3000
10,Endurance Build #4,3000,"**Warm Up**
-  700 as: - 200 @50-70% - 200 Pull @70% - 3x50 Swim in :45 (CS) on :55 - 3x25 FAST - Take 10s
**Drill Set**
•  6x(25 Front Scull / 25 Swim) - Take 10s
**Pre-Set**
•  600 Swim as 25H / 25E
**Main Set**
•  3x200 Pull/Paddles @70-80% - Take 20s 7x50 BAND - Take 15s 4x100 Pull @80-90% - Take 20s
**Cool Down**
•  200 Swim br 3/5/3/7

**Total: 3,499 yards (3,200 meters)**

**Total: 3000 yards**",60,3600
10,Endurance Build #4,3500,"**Warm-Up**
  -  700 as: - 200 @50-70% - 200 Pull @70% - 4x50 Swim in :45 (CS) on :55 - 4x25 FAST - Take 10s 
**Drill Set**
•  6x(25 Front Scull / 25 Swim) - Take 10s 
**Pre-Set**
•  600 Swim as 25H / 25E 
**Main Set**
•  4x200 Pull/Paddles @70-80% - Take 20s 8x50 BAND - Take 15s 5x100 Pull @80-90% - Take 20s 
**Cool-Down**
•  200 Swim br 3/5/3/7

**Total: 3,499 yards (3,200 meters)**",70,4200
11,Speed and Power #4,2000,"**Warm Up**
-  700 as: - 200 Swim @50-60% - 200 Pull @60-70% - 2x25 Kick - Take 5s - 200 Swim @70%
**Drill Set**
•  6x(25 FIST Drill / 25 Swim) - Take 10s
**Pre-Set**
•  6x(25 Swim w/ OVER-Kick / 25 Swim limit kick) - Take 10s 6x(25 Press Your Buoy Drill / 25 Swim) - Take 10s
**Main Set**
•  7x50 Swim in :41 (10%) on 1:00 100 EASY Pull 3x100 Swim on 1:45, as: #1 in 1:32 (Z2) #2 in 1:30 (CS) #3 in 1:26 (5%) #4 in 1:32 (Z2) #5 in 1:21 (10%) 100 EASY Pull 1x200 Paddles @80% - Take 15s
**Cool Down**
•  2x25 FIST Drill 100 Choice

**Total: 3,499 yards (3,200 meters)**

**Total: 2000 yards**",40,2400
11,Speed and Power #4,2500,"**Warm Up**
-  700 as: - 200 Swim @50-60% - 200 Pull @60-70% - 3x25 Kick - Take 5s - 200 Swim @70%
**Drill Set**
•  6x(25 FIST Drill / 25 Swim) - Take 10s
**Pre-Set**
•  6x(25 Swim w/ OVER-Kick / 25 Swim limit kick) - Take 10s 6x(25 Press Your Buoy Drill / 25 Swim) - Take 10s
**Main Set**
•  9x50 Swim in :41 (10%) on 1:00 100 EASY Pull 4x100 Swim on 1:45, as: #1 in 1:32 (Z2) #2 in 1:30 (CS) #3 in 1:26 (5%) #4 in 1:32 (Z2) #5 in 1:21 (10%) 100 EASY Pull 1x200 Paddles @80% - Take 15s
**Cool Down**
•  3x25 FIST Drill 100 Choice

**Total: 3,499 yards (3,200 meters)**

**Total: 2500 yards**",50,3000
11,Speed and Power #4,3000,"**Warm Up**
-  700 as: - 200 Swim @50-60% - 200 Pull @60-70% - 3x25 Kick - Take 5s - 200 Swim @70%
**Drill Set**
•  6x(25 FIST Drill / 25 Swim) - Take 10s
**Pre-Set**
•  6x(25 Swim w/ OVER-Kick / 25 Swim limit kick) - Take 10s 6x(25 Press Your Buoy Drill / 25 Swim) - Take 10s
**Main Set**
•  10x50 Swim in :41 (10%) on 1:00 100 EASY Pull 4x100 Swim on 1:45, as: #1 in 1:32 (Z2) #2 in 1:30 (CS) #3 in 1:26 (5%) #4 in 1:32 (Z2) #5 in 1:21 (10%) 100 EASY Pull 2x200 Paddles @80% - Take 15s
**Cool Down**
•  3x25 FIST Drill 100 Choice

**Total: 3,499 yards (3,200 meters)**

**Total: 3000 yards**",60,3600
11,Speed and Power #4,3500,"**Warm-Up**
  -  700 as: - 200 Swim @50-60% - 200 Pull @60-70% - 4x25 Kick - Take 5s - 200 Swim @70% 
**Drill Set**
•  6x(25 FIST Drill / 25 Swim) - Take 10s 
**Pre-Set**
•  6x(25 Swim w/ OVER-Kick / 25 Swim limit kick) - Take 10s 6x(25 Press Your Buoy Drill / 25 Swim) - Take 10s 
**Main Set**
•  12x50 Swim in :41 (10%) on 1:00 100 EASY Pull 5x100 Swim on 1:45, as: #1 in 1:32 (Z2) #2 in 1:30 (CS) #3 in 1:26 (5%) #4 in 1:32 (Z2) #5 in 1:21 (10%) 100 EASY Pull 2x200 Paddles @80% - Take 15s 
**Cool-Down**
•  4x25 FIST Drill 100 Choice

**Total: 3,499 yards (3,200 meters)**",70,4200
12,Open Water Skills #4,2000,"**Warm Up**
-  600 as: - 200 Swim @50-70% - 200 Pull @70% - 2x25 Kick - Take 5s - 2x25 FAST - Take 10s
**Drill Set**
•  4x50 - Take 10s, as: - ODDS: 25 Finger Tip Drag / 25 Swim - EVENS: 25 HIGH Turnover / 25 Swim
**Pre-Set**
•  5x50 Swim in :45 (CS) on :55
**Main Set**
•  1x800 - Take 30-45s, as: - 400 @70-80% - 300 @80%, sight each 25 - 100 @80-90%
**Cool Down**
•  2x25 Finger Tip Drag 100 Choice

**Total: 4,099 yards (3,749 meters)**

**Total: 2000 yards**",40,2400
12,Open Water Skills #4,2500,"**Warm Up**
-  600 as: - 200 Swim @50-70% - 200 Pull @70% - 2x25 Kick - Take 5s - 2x25 FAST - Take 10s
**Drill Set**
•  5x50 - Take 10s, as: - ODDS: 25 Finger Tip Drag / 25 Swim - EVENS: 25 HIGH Turnover / 25 Swim
**Pre-Set**
•  6x50 Swim in :45 (CS) on :55
**Main Set**
•  2x800 - Take 30-45s, as: - 400 @70-80% - 300 @80%, sight each 25 - 100 @80-90%
**Cool Down**
•  2x25 Finger Tip Drag 100 Choice

**Total: 4,099 yards (3,749 meters)**

**Total: 2500 yards**",50,3000
12,Open Water Skills #4,3000,"**Warm Up**
-  600 as: - 200 Swim @50-70% - 200 Pull @70% - 3x25 Kick - Take 5s - 3x25 FAST - Take 10s
**Drill Set**
•  6x50 - Take 10s, as: - ODDS: 25 Finger Tip Drag / 25 Swim - EVENS: 25 HIGH Turnover / 25 Swim
**Pre-Set**
•  7x50 Swim in :45 (CS) on :55
**Main Set**
•  2x800 - Take 30-45s, as: - 400 @70-80% - 300 @80%, sight each 25 - 100 @80-90%
**Cool Down**
•  3x25 Finger Tip Drag 100 Choice

**Total: 4,099 yards (3,749 meters)**

**Total: 3000 yards**",60,3600
12,Open Water Skills #4,3500,"**Warm Up**
-  600 as: - 200 Swim @50-70% - 200 Pull @70% - 3x25 Kick - Take 5s - 3x25 FAST - Take 10s
**Drill Set**
•  7x50 - Take 10s, as: - ODDS: 25 Finger Tip Drag / 25 Swim - EVENS: 25 HIGH Turnover / 25 Swim
**Pre-Set**
•  9x50 Swim in :45 (CS) on :55
**Main Set**
•  3x800 - Take 30-45s, as: - 400 @70-80% - 300 @80%, sight each 25 - 100 @80-90%
**Cool Down**
•  3x25 Finger Tip Drag 100 Choice

**Total: 4,099 yards (3,749 meters)**

**Total: 3500 yards**",70,4200
12,Open Water Skills #4,4100,"**Warm-Up**
  -  600 as: - 200 Swim @50-70% - 200 Pull @70% - 4x25 Kick - Take 5s - 4x25 FAST - Take 10s 
**Drill Set**
•  8x50 - Take 10s, as: - ODDS: 25 Finger Tip Drag / 25 Swim - EVENS: 25 HIGH Turnover / 25 Swim 
**Pre-Set**
•  10x50 Swim in :45 (CS) on :55 
**Main Set**
•  3x800 - Take 30-45s, as: - 400 @70-80% - 300 @80%, sight each 25 - 100 @80-90% 
**Cool-Down**
•  4x25 Finger Tip Drag 100 Choice

**Total: 4,099 yards (3,749 meters)**",82,4920
13,Endurance Build #5,2000,"**Warm Up**
-  700 as: - 200 Swim @50-70% - 2x25 Kick - Take 5s - 2x25 Swim as 12.5H / 12.5E - 200 Pull @70% - 2x25 Press Your Buoy Drill
**Drill Set**
•  5x50 - Take 10s, as: - ODDS: 25 Catch Up Drill / 25 Swim - EVENS: 25 6-Kick Switch Drill / 25 Swim
**Pre-Set**
•  600 Swim as 50H / 25E
**Main Set**
•  3x100 as 25 Single Arm Drill, 75 Swim - Take 15s 2x200 Swim in 3:03–3:06 (Z2) on 3:20 2x50 Swim w/ Fins @50-70% - Take 10s
**Cool Down**
•  100 EASY Backstroke 100 EASY Swim

**Total: 3,499 yards (3,200 meters)**

**Total: 2000 yards**",40,2400
13,Endurance Build #5,2500,"**Warm Up**
-  700 as: - 200 Swim @50-70% - 3x25 Kick - Take 5s - 3x25 Swim as 12.5H / 12.5E - 200 Pull @70% - 3x25 Press Your Buoy Drill
**Drill Set**
•  6x50 - Take 10s, as: - ODDS: 25 Catch Up Drill / 25 Swim - EVENS: 25 6-Kick Switch Drill / 25 Swim
**Pre-Set**
•  600 Swim as 50H / 25E
**Main Set**
•  4x100 as 25 Single Arm Drill, 75 Swim - Take 15s 3x200 Swim in 3:03–3:06 (Z2) on 3:20 3x50 Swim w/ Fins @50-70% - Take 10s
**Cool Down**
•  100 EASY Backstroke 100 EASY Swim

**Total: 3,499 yards (3,200 meters)**

**Total: 2500 yards**",50,3000
13,Endurance Build #5,3000,"**Warm Up**
-  700 as: - 200 Swim @50-70% - 3x25 Kick - Take 5s - 3x25 Swim as 12.5H / 12.5E - 200 Pull @70% - 3x25 Press Your Buoy Drill
**Drill Set**
•  7x50 - Take 10s, as: - ODDS: 25 Catch Up Drill / 25 Swim - EVENS: 25 6-Kick Switch Drill / 25 Swim
**Pre-Set**
•  600 Swim as 50H / 25E
**Main Set**
•  5x100 as 25 Single Arm Drill, 75 Swim - Take 15s 3x200 Swim in 3:03–3:06 (Z2) on 3:20 3x50 Swim w/ Fins @50-70% - Take 10s
**Cool Down**
•  100 EASY Backstroke 100 EASY Swim

**Total: 3,499 yards (3,200 meters)**

**Total: 3000 yards**",60,3600
13,Endurance Build #5,3500,"**Warm-Up**
  -  700 as: - 200 Swim @50-70% - 4x25 Kick - Take 5s - 4x25 Swim as 12.5H / 12.5E - 200 Pull @70% - 4x25 Press Your Buoy Drill 
**Drill Set**
•  8x50 - Take 10s, as: - ODDS: 25 Catch Up Drill / 25 Swim - EVENS: 25 6-Kick Switch Drill / 25 Swim 
**Pre-Set**
•  600 Swim as 50H / 25E 
**Main Set**
•  6x100 as 25 Single Arm Drill, 75 Swim - Take 15s 4x200 Swim in 3:03–3:06 (Z2) on 3:20 4x50 Swim w/ Fins @50-70% - Take 10s 
**Cool-Down**
•  100 EASY Backstroke 100 EASY Swim

**Total: 3,499 yards (3,200 meters)**",70,4200
14,Speed and Power #5,2000,"**Warm Up**
-  900 as: - 200 Swim @50-70% - 200 Pull @70% - 5x25 Swim, descend 1-4, 5-8 - Take 5-10s - 3x50 Swim in :46 (Z2) on 1:00
**Drill Set**
•  5x50 - Take 10s, as: - ODDS: 25 FIST Drill / 25 Swim - EVENS: 25 HORNS Drill / 25 Swim
**Pre-Set**
•  5x50 Swim in :45 (CS) on :55
**Main Set**
•  1x300 Swim in 4:34–4:38 (Z2) on 4:50 100 EASY 3x100 Swim on 1:40 as: - ODDS: in 1:21 (10%) - EVENS: in 1:30 (CS) 100 EASY 5x25 in :20 (10%) on :35
**Cool Down**
•  50 FIST Drill 50 HORNS Drill 100 EASY Swim

**Total: 3,499 yards (3,200 meters)**

**Total: 2000 yards**",40,2400
14,Speed and Power #5,2500,"**Warm Up**
-  900 as: - 200 Swim @50-70% - 200 Pull @70% - 6x25 Swim, descend 1-4, 5-8 - Take 5-10s - 4x50 Swim in :46 (Z2) on 1:00
**Drill Set**
•  6x50 - Take 10s, as: - ODDS: 25 FIST Drill / 25 Swim - EVENS: 25 HORNS Drill / 25 Swim
**Pre-Set**
•  6x50 Swim in :45 (CS) on :55
**Main Set**
•  1x300 Swim in 4:34–4:38 (Z2) on 4:50 100 EASY 4x100 Swim on 1:40 as: - ODDS: in 1:21 (10%) - EVENS: in 1:30 (CS) 100 EASY 6x25 in :20 (10%) on :35
**Cool Down**
•  50 FIST Drill 50 HORNS Drill 100 EASY Swim

**Total: 3,499 yards (3,200 meters)**

**Total: 2500 yards**",50,3000
14,Speed and Power #5,3000,"**Warm Up**
-  900 as: - 200 Swim @50-70% - 200 Pull @70% - 7x25 Swim, descend 1-4, 5-8 - Take 5-10s - 5x50 Swim in :46 (Z2) on 1:00
**Drill Set**
•  7x50 - Take 10s, as: - ODDS: 25 FIST Drill / 25 Swim - EVENS: 25 HORNS Drill / 25 Swim
**Pre-Set**
•  7x50 Swim in :45 (CS) on :55
**Main Set**
•  2x300 Swim in 4:34–4:38 (Z2) on 4:50 100 EASY 5x100 Swim on 1:40 as: - ODDS: in 1:21 (10%) - EVENS: in 1:30 (CS) 100 EASY 7x25 in :20 (10%) on :35
**Cool Down**
•  50 FIST Drill 50 HORNS Drill 100 EASY Swim

**Total: 3,499 yards (3,200 meters)**

**Total: 3000 yards**",60,3600
14,Speed and Power #5,3500,"**Warm-Up**
  -  900 as: - 200 Swim @50-70% - 200 Pull @70% - 8x25 Swim, descend 1-4, 5-8 - Take 5-10s - 6x50 Swim in :46 (Z2) on 1:00 
**Drill Set**
•  8x50 - Take 10s, as: - ODDS: 25 FIST Drill / 25 Swim - EVENS: 25 HORNS Drill / 25 Swim 
**Pre-Set**
•  8x50 Swim in :45 (CS) on :55 
**Main Set**
•  2x300 Swim in 4:34–4:38 (Z2) on 4:50 100 EASY 6x100 Swim on 1:40 as: - ODDS: in 1:21 (10%) - EVENS: in 1:30 (CS) 100 EASY 8x25 in :20 (10%) on :35 
**Cool-Down**
•  50 FIST Drill 50 HORNS Drill 100 EASY Swim

**Total: 3,499 yards (3,200 meters)**",70,4200
16,Endurance Build #6,2000,"**Warm Up**
-  750 as: - 200 Swim @50-70% - 3x25 Catch Up Drill - Take 5s - 2x50 Swim, descend 1-3, 4 EASY - Take 10s - 200 Pull @70%
**Drill Set**
•  3x50 - Take 10s, as: - ODDS: 25 Press Your Buoy Drill / 25 Swim - EVENS: 25 HORNS / 25 Swim
**Pre-Set**
•  3x75 Swim in 1:07 (CS) on 1:20
**Main Set**
•  2x100 Swim in 1:30 (CS) on 1:40 1x300 Swim in 4:34–4:38 (Z2) on 4:50, sight each 25 2x200 Swim on 3:20 as: - ODDS: in 2:59–3:02 (CS) - EVENS: in 3:08–3:11 (Z1)
**Cool Down**
•  200 EASY Pull

**Total: 3,499 yards (3,200 meters)**

**Total: 2000 yards**",40,2400
16,Endurance Build #6,2500,"**Warm Up**
-  750 as: - 200 Swim @50-70% - 4x25 Catch Up Drill - Take 5s - 3x50 Swim, descend 1-3, 4 EASY - Take 10s - 200 Pull @70%
**Drill Set**
•  4x50 - Take 10s, as: - ODDS: 25 Press Your Buoy Drill / 25 Swim - EVENS: 25 HORNS / 25 Swim
**Pre-Set**
•  4x75 Swim in 1:07 (CS) on 1:20
**Main Set**
•  3x100 Swim in 1:30 (CS) on 1:40 1x300 Swim in 4:34–4:38 (Z2) on 4:50, sight each 25 3x200 Swim on 3:20 as: - ODDS: in 2:59–3:02 (CS) - EVENS: in 3:08–3:11 (Z1)
**Cool Down**
•  200 EASY Pull

**Total: 3,499 yards (3,200 meters)**

**Total: 2500 yards**",50,3000
16,Endurance Build #6,3000,"**Warm Up**
-  750 as: - 200 Swim @50-70% - 5x25 Catch Up Drill - Take 5s - 3x50 Swim, descend 1-3, 4 EASY - Take 10s - 200 Pull @70%
**Drill Set**
•  5x50 - Take 10s, as: - ODDS: 25 Press Your Buoy Drill / 25 Swim - EVENS: 25 HORNS / 25 Swim
**Pre-Set**
•  5x75 Swim in 1:07 (CS) on 1:20
**Main Set**
•  3x100 Swim in 1:30 (CS) on 1:40 2x300 Swim in 4:34–4:38 (Z2) on 4:50, sight each 25 3x200 Swim on 3:20 as: - ODDS: in 2:59–3:02 (CS) - EVENS: in 3:08–3:11 (Z1)
**Cool Down**
•  200 EASY Pull

**Total: 3,499 yards (3,200 meters)**

**Total: 3000 yards**",60,3600
16,Endurance Build #6,3500,"**Warm-Up**
  -  750 as: - 200 Swim @50-70% - 6x25 Catch Up Drill - Take 5s - 4x50 Swim, descend 1-3, 4 EASY - Take 10s - 200 Pull @70% 
**Drill Set**
•  6x50 - Take 10s, as: - ODDS: 25 Press Your Buoy Drill / 25 Swim - EVENS: 25 HORNS / 25 Swim 
**Pre-Set**
•  6x75 Swim in 1:07 (CS) on 1:20 
**Main Set**
•  4x100 Swim in 1:30 (CS) on 1:40 2x300 Swim in 4:34–4:38 (Z2) on 4:50, sight each 25 4x200 Swim on 3:20 as: - ODDS: in 2:59–3:02 (CS) - EVENS: in 3:08–3:11 (Z1) 
**Cool-Down**
•  200 EASY Pull

**Total: 3,499 yards (3,200 meters)**",70,4200
17,Speed and Power #6,2000,"**Warm Up**
-  600 as: - 200 Swim @50-70% - 2x25 Kick - Take 5-10s - 2x25 Swim FAST - Take 10s - 200 Pull @70%
**Drill Set**
•  3x50 - Take 10s, as: - ODDS: 25 Single-arm Drill (Left) / 25 Single-arm Drill (Right) - EVENS: 25 Catch Up Drill / 25 Swim
**Pre-Set**
•  Four Times Through... - 25 Kick HARD (use a buoy as the board) - 50 Pull @80% - Take 15s
**Main Set**
•  7x25 Swim in :20 (10%) on :35 7x50 Swim in :43 (5%) on 1:00 2x400 Swim in 6:06–6:11 (Z2) on 6:30
**Cool Down**
•  100 Backstroke - STRETCH it out 100 Choice

**Total: 3,499 yards (3,200 meters)**

**Total: 2000 yards**",40,2400
17,Speed and Power #6,2500,"**Warm Up**
-  600 as: - 200 Swim @50-70% - 3x25 Kick - Take 5-10s - 3x25 Swim FAST - Take 10s - 200 Pull @70%
**Drill Set**
•  4x50 - Take 10s, as: - ODDS: 25 Single-arm Drill (Left) / 25 Single-arm Drill (Right) - EVENS: 25 Catch Up Drill / 25 Swim
**Pre-Set**
•  Four Times Through... - 25 Kick HARD (use a buoy as the board) - 50 Pull @80% - Take 15s
**Main Set**
•  9x25 Swim in :20 (10%) on :35 9x50 Swim in :43 (5%) on 1:00 2x400 Swim in 6:06–6:11 (Z2) on 6:30
**Cool Down**
•  100 Backstroke - STRETCH it out 100 Choice

**Total: 3,499 yards (3,200 meters)**

**Total: 2500 yards**",50,3000
17,Speed and Power #6,3000,"**Warm Up**
-  600 as: - 200 Swim @50-70% - 3x25 Kick - Take 5-10s - 3x25 Swim FAST - Take 10s - 200 Pull @70%
**Drill Set**
•  5x50 - Take 10s, as: - ODDS: 25 Single-arm Drill (Left) / 25 Single-arm Drill (Right) - EVENS: 25 Catch Up Drill / 25 Swim
**Pre-Set**
•  Four Times Through... - 25 Kick HARD (use a buoy as the board) - 50 Pull @80% - Take 15s
**Main Set**
•  10x25 Swim in :20 (10%) on :35 10x50 Swim in :43 (5%) on 1:00 3x400 Swim in 6:06–6:11 (Z2) on 6:30
**Cool Down**
•  100 Backstroke - STRETCH it out 100 Choice

**Total: 3,499 yards (3,200 meters)**

**Total: 3000 yards**",60,3600
17,Speed and Power #6,3500,"**Warm-Up**
  -  600 as: - 200 Swim @50-70% - 4x25 Kick - Take 5-10s - 4x25 Swim FAST - Take 10s - 200 Pull @70% 
**Drill Set**
•  6x50 - Take 10s, as: - ODDS: 25 Single-arm Drill (Left) / 25 Single-arm Drill (Right) - EVENS: 25 Catch Up Drill / 25 Swim 
**Pre-Set**
•  Four Times Through... - 25 Kick HARD (use a buoy as the board) - 50 Pull @80% - Take 15s 
**Main Set**
•  12x25 Swim in :20 (10%) on :35 12x50 Swim in :43 (5%) on 1:00 3x400 Swim in 6:06–6:11 (Z2) on 6:30 
**Cool-Down**
•  100 Backstroke - STRETCH it out 100 Choice

**Total: 3,499 yards (3,200 meters)**",70,4200
18,Open Water Skills #6,2000,"**Warm Up**
-  700 as: - 200 Swim @50-70% - 2x100 Pull @70% - Take 10s - 2x50 Swim, sight once each 25
**Drill Set**
•  Four Times Through... - 50 Swim, sight every 6 strokes - Take 5s - 50 Swim, br3 - Take 10s
**Pre-Set**
•  400 Pull as 25 HARD / 25 EASY
**Main Set**
•  800 Pull @70%, sight once each 25 - Take 30s 2x100 Swim in 1:32 (Z2) on 1:45 400 Pull/Paddles @70% - Take 20s 2x50 Swim in :43 (5%) on 1:00
**Cool Down**
•  200 Choice

**Total: 3,499 yards (3,200 meters)**

**Total: 2000 yards**",40,2400
18,Open Water Skills #6,2500,"**Warm Up**
-  700 as: - 200 Swim @50-70% - 2x100 Pull @70% - Take 10s - 3x50 Swim, sight once each 25
**Drill Set**
•  Four Times Through... - 50 Swim, sight every 6 strokes - Take 5s - 50 Swim, br3 - Take 10s
**Pre-Set**
•  400 Pull as 25 HARD / 25 EASY
**Main Set**
•  800 Pull @70%, sight once each 25 - Take 30s 3x100 Swim in 1:32 (Z2) on 1:45 400 Pull/Paddles @70% - Take 20s 3x50 Swim in :43 (5%) on 1:00
**Cool Down**
•  200 Choice

**Total: 3,499 yards (3,200 meters)**

**Total: 2500 yards**",50,3000
18,Open Water Skills #6,3000,"**Warm Up**
-  700 as: - 200 Swim @50-70% - 3x100 Pull @70% - Take 10s - 3x50 Swim, sight once each 25
**Drill Set**
•  Four Times Through... - 50 Swim, sight every 6 strokes - Take 5s - 50 Swim, br3 - Take 10s
**Pre-Set**
•  400 Pull as 25 HARD / 25 EASY
**Main Set**
•  800 Pull @70%, sight once each 25 - Take 30s 3x100 Swim in 1:32 (Z2) on 1:45 400 Pull/Paddles @70% - Take 20s 3x50 Swim in :43 (5%) on 1:00
**Cool Down**
•  200 Choice

**Total: 3,499 yards (3,200 meters)**

**Total: 3000 yards**",60,3600
18,Open Water Skills #6,3500,"**Warm-Up**
  -  700 as: - 200 Swim @50-70% - 3x100 Pull @70% - Take 10s - 4x50 Swim, sight once each 25 
**Drill Set**
•  Four Times Through... - 50 Swim, sight every 6 strokes - Take 5s - 50 Swim, br3 - Take 10s 
**Pre-Set**
•  400 Pull as 25 HARD / 25 EASY 
**Main Set**
•  800 Pull @70%, sight once each 25 - Take 30s 4x100 Swim in 1:32 (Z2) on 1:45 400 Pull/Paddles @70% - Take 20s 4x50 Swim in :43 (5%) on 1:00 
**Cool-Down**
•  200 Choice

**Total: 3,499 yards (3,200 meters)**",70,4200
19,Endurance Build #7,2000,"**Warm Up**
-  600 as: - 200 Swim @50-70% - 2x25 Kick - Take 5s - 2x25 Swim, descend 1-3 from steady to HARD, 4 EASY - 200 Pull @70%
**Drill Set**
•  3x50 - Take 10s, as: - ODDS: 25 Press Your Buoy Drill / 25 Swim - EVENS: 6-Kick Switch, focusing on body rotation
**Pre-Set**
•  500 Pull as 25 HARD / 25 EASY
**Main Set**
•  3x100 Swim in 1:32 (Z2) on 1:45 3x100 Swim in 1:30 (CS) on 1:40 2x100 Swim in 1:26 (5%) on 1:40 2x100 Swim in 1:21 (10%) on 1:40 2x50 Swim in :43 (5%) on 1:00
**Cool Down**
•  2x25 Press Your Buoy - Take 10s 100 Choice

**Total: 3,599 yards (3,291 meters)**

**Total: 2000 yards**",40,2400
19,Endurance Build #7,2500,"**Warm Up**
-  600 as: - 200 Swim @50-70% - 3x25 Kick - Take 5s - 3x25 Swim, descend 1-3 from steady to HARD, 4 EASY - 200 Pull @70%
**Drill Set**
•  4x50 - Take 10s, as: - ODDS: 25 Press Your Buoy Drill / 25 Swim - EVENS: 6-Kick Switch, focusing on body rotation
**Pre-Set**
•  500 Pull as 25 HARD / 25 EASY
**Main Set**
•  4x100 Swim in 1:32 (Z2) on 1:45 3x100 Swim in 1:30 (CS) on 1:40 3x100 Swim in 1:26 (5%) on 1:40 2x100 Swim in 1:21 (10%) on 1:40 3x50 Swim in :43 (5%) on 1:00
**Cool Down**
•  3x25 Press Your Buoy - Take 10s 100 Choice

**Total: 3,599 yards (3,291 meters)**

**Total: 2500 yards**",50,3000
19,Endurance Build #7,3000,"**Warm Up**
-  600 as: - 200 Swim @50-70% - 3x25 Kick - Take 5s - 3x25 Swim, descend 1-3 from steady to HARD, 4 EASY - 200 Pull @70%
**Drill Set**
•  5x50 - Take 10s, as: - ODDS: 25 Press Your Buoy Drill / 25 Swim - EVENS: 6-Kick Switch, focusing on body rotation
**Pre-Set**
•  500 Pull as 25 HARD / 25 EASY
**Main Set**
•  5x100 Swim in 1:32 (Z2) on 1:45 4x100 Swim in 1:30 (CS) on 1:40 3x100 Swim in 1:26 (5%) on 1:40 2x100 Swim in 1:21 (10%) on 1:40 3x50 Swim in :43 (5%) on 1:00
**Cool Down**
•  3x25 Press Your Buoy - Take 10s 100 Choice

**Total: 3,599 yards (3,291 meters)**

**Total: 3000 yards**",60,3600
19,Endurance Build #7,3500,"**Warm Up**
-  600 as: - 200 Swim @50-70% - 4x25 Kick - Take 5s - 4x25 Swim, descend 1-3 from steady to HARD, 4 EASY - 200 Pull @70%
**Drill Set**
•  6x50 - Take 10s, as: - ODDS: 25 Press Your Buoy Drill / 25 Swim - EVENS: 6-Kick Switch, focusing on body rotation
**Pre-Set**
•  500 Pull as 25 HARD / 25 EASY
**Main Set**
•  6x100 Swim in 1:32 (Z2) on 1:45 5x100 Swim in 1:30 (CS) on 1:40 4x100 Swim in 1:26 (5%) on 1:40 3x100 Swim in 1:21 (10%) on 1:40 4x50 Swim in :43 (5%) on 1:00
**Cool Down**
•  4x25 Press Your Buoy - Take 10s 100 Choice

**Total: 3,599 yards (3,291 meters)**

**Total: 3500 yards**",70,4200
19,Endurance Build #7,3600,"**Warm-Up**
  -  600 as: - 200 Swim @50-70% - 4x25 Kick - Take 5s - 4x25 Swim, descend 1-3 from steady to HARD, 4 EASY - 200 Pull @70% 
**Drill Set**
•  6x50 - Take 10s, as: - ODDS: 25 Press Your Buoy Drill / 25 Swim - EVENS: 6-Kick Switch, focusing on body rotation 
**Pre-Set**
•  500 Pull as 25 HARD / 25 EASY 
**Main Set**
•  6x100 Swim in 1:32 (Z2) on 1:45 5x100 Swim in 1:30 (CS) on 1:40 4x100 Swim in 1:26 (5%) on 1:40 3x100 Swim in 1:21 (10%) on 1:40 4x50 Swim in :43 (5%) on 1:00 
**Cool-Down**
•  4x25 Press Your Buoy - Take 10s 100 Choice

**Total: 3,599 yards (3,291 meters)**",72,4320
20,Speed and Power #7,2000,"**Warm Up**
-  700 as: - 200 Swim @50-70% - 200 Pull @70% - 2x25 Kick - Take 10s - 2x50 Swim - Take 10s, descend 1-3, 4 EASY
**Drill Set**
•  3x50 as 25 Scull / 25 Swim - Take 10s
**Pre-Set**
•  Four Times Through… - 50 Pull @90 - Take 10s - 50 EASY Pull - Take 10s
**Main Set**
•  6x50 Swim in :41 (10%) on 1:00 100 EASY Pull 3x100 Swim in 1:26 (5%) on 1:45 100 EASY Pull 2x200 Swim in 2:59–3:02 (CS) on 3:15 100 EASY Pull
**Cool Down**
•  100 Choice

**Total: 3,999 yards (3,657 meters)**

**Total: 2000 yards**",40,2400
20,Speed and Power #7,2500,"**Warm Up**
-  700 as: - 200 Swim @50-70% - 200 Pull @70% - 2x25 Kick - Take 10s - 2x50 Swim - Take 10s, descend 1-3, 4 EASY
**Drill Set**
•  4x50 as 25 Scull / 25 Swim - Take 10s
**Pre-Set**
•  Four Times Through… - 50 Pull @90 - Take 10s - 50 EASY Pull - Take 10s
**Main Set**
•  8x50 Swim in :41 (10%) on 1:00 100 EASY Pull 4x100 Swim in 1:26 (5%) on 1:45 100 EASY Pull 3x200 Swim in 2:59–3:02 (CS) on 3:15 100 EASY Pull
**Cool Down**
•  100 Choice

**Total: 3,999 yards (3,657 meters)**

**Total: 2500 yards**",50,3000
20,Speed and Power #7,3000,"**Warm Up**
-  700 as: - 200 Swim @50-70% - 200 Pull @70% - 3x25 Kick - Take 10s - 3x50 Swim - Take 10s, descend 1-3, 4 EASY
**Drill Set**
•  4x50 as 25 Scull / 25 Swim - Take 10s
**Pre-Set**
•  Four Times Through… - 50 Pull @90 - Take 10s - 50 EASY Pull - Take 10s
**Main Set**
•  9x50 Swim in :41 (10%) on 1:00 100 EASY Pull 4x100 Swim in 1:26 (5%) on 1:45 100 EASY Pull 4x200 Swim in 2:59–3:02 (CS) on 3:15 100 EASY Pull
**Cool Down**
•  100 Choice

**Total: 3,999 yards (3,657 meters)**

**Total: 3000 yards**",60,3600
20,Speed and Power #7,3500,"**Warm Up**
-  700 as: - 200 Swim @50-70% - 200 Pull @70% - 4x25 Kick - Take 10s - 4x50 Swim - Take 10s, descend 1-3, 4 EASY
**Drill Set**
•  5x50 as 25 Scull / 25 Swim - Take 10s
**Pre-Set**
•  Four Times Through… - 50 Pull @90 - Take 10s - 50 EASY Pull - Take 10s
**Main Set**
•  10x50 Swim in :41 (10%) on 1:00 100 EASY Pull 5x100 Swim in 1:26 (5%) on 1:45 100 EASY Pull 4x200 Swim in 2:59–3:02 (CS) on 3:15 100 EASY Pull
**Cool Down**
•  100 Choice

**Total: 3,999 yards (3,657 meters)**

**Total: 3500 yards**",70,4200
20,Speed and Power #7,4000,"**Warm-Up**
  -  700 as: - 200 Swim @50-70% - 200 Pull @70% - 4x25 Kick - Take 10s - 4x50 Swim - Take 10s, descend 1-3, 4 EASY 
**Drill Set**
•  6x50 as 25 Scull / 25 Swim - Take 10s 
**Pre-Set**
•  Four Times Through… - 50 Pull @90 - Take 10s - 50 EASY Pull - Take 10s 
**Main Set**
•  12x50 Swim in :41 (10%) on 1:00 100 EASY Pull 6x100 Swim in 1:26 (5%) on 1:45 100 EASY Pull 5x200 Swim in 2:59–3:02 (CS) on 3:15 100 EASY Pull 
**Cool-Down**
•  100 Choice

**Total: 3,999 yards (3,657 meters)**",80,4800
21,Open Water Skills #7,2000,"**Warm Up**
-  800 as: - 300 Swim @50-70% - 200 Pull @70% - 2x25 Kick - Take 5-10s - 2x25 HARD Swim - Take 10s - 100 Swim @70%
**Drill Set**
•  3x50 - Take 10s, as: - 25 Swim w/ an OVER-Kick - 25 Swim, sighting every 6 strokes
**Pre-Set**
•  Four Times Through... - 25 in :20 (10%) on :35 - 50 in :43 (5%) on 1:00 - 75 in 1:07 (CS) on 1:20
**Main Set**
•  2x50 Swim in :43 (5%) on 1:00 2x400 Pull @80%, sighting every 8 strokes - Take 20s 2x50 Swim in :43 (5%) on 1:00
**Cool Down**
•  100 Choice

**Total: 3,799 yards (3,474 meters)**

**Total: 2000 yards**",40,2400
21,Open Water Skills #7,2500,"**Warm Up**
-  800 as: - 300 Swim @50-70% - 200 Pull @70% - 3x25 Kick - Take 5-10s - 3x25 HARD Swim - Take 10s - 100 Swim @70%
**Drill Set**
•  4x50 - Take 10s, as: - 25 Swim w/ an OVER-Kick - 25 Swim, sighting every 6 strokes
**Pre-Set**
•  Four Times Through... - 25 in :20 (10%) on :35 - 50 in :43 (5%) on 1:00 - 75 in 1:07 (CS) on 1:20
**Main Set**
•  3x50 Swim in :43 (5%) on 1:00 3x400 Pull @80%, sighting every 8 strokes - Take 20s 3x50 Swim in :43 (5%) on 1:00
**Cool Down**
•  100 Choice

**Total: 3,799 yards (3,474 meters)**

**Total: 2500 yards**",50,3000
21,Open Water Skills #7,3000,"**Warm Up**
-  800 as: - 300 Swim @50-70% - 200 Pull @70% - 3x25 Kick - Take 5-10s - 3x25 HARD Swim - Take 10s - 100 Swim @70%
**Drill Set**
•  5x50 - Take 10s, as: - 25 Swim w/ an OVER-Kick - 25 Swim, sighting every 6 strokes
**Pre-Set**
•  Four Times Through... - 25 in :20 (10%) on :35 - 50 in :43 (5%) on 1:00 - 75 in 1:07 (CS) on 1:20
**Main Set**
•  3x50 Swim in :43 (5%) on 1:00 3x400 Pull @80%, sighting every 8 strokes - Take 20s 3x50 Swim in :43 (5%) on 1:00
**Cool Down**
•  100 Choice

**Total: 3,799 yards (3,474 meters)**

**Total: 3000 yards**",60,3600
21,Open Water Skills #7,3500,"**Warm Up**
-  800 as: - 300 Swim @50-70% - 200 Pull @70% - 4x25 Kick - Take 5-10s - 4x25 HARD Swim - Take 10s - 100 Swim @70%
**Drill Set**
•  6x50 - Take 10s, as: - 25 Swim w/ an OVER-Kick - 25 Swim, sighting every 6 strokes
**Pre-Set**
•  Four Times Through... - 25 in :20 (10%) on :35 - 50 in :43 (5%) on 1:00 - 75 in 1:07 (CS) on 1:20
**Main Set**
•  4x50 Swim in :43 (5%) on 1:00 4x400 Pull @80%, sighting every 8 strokes - Take 20s 4x50 Swim in :43 (5%) on 1:00
**Cool Down**
•  100 Choice

**Total: 3,799 yards (3,474 meters)**

**Total: 3500 yards**",70,4200
21,Open Water Skills #7,3800,"**Warm-Up**
  -  800 as: - 300 Swim @50-70% - 200 Pull @70% - 4x25 Kick - Take 5-10s - 4x25 HARD Swim - Take 10s - 100 Swim @70% 
**Drill Set**
•  6x50 - Take 10s, as: - 25 Swim w/ an OVER-Kick - 25 Swim, sighting every 6 strokes 
**Pre-Set**
•  Four Times Through... - 25 in :20 (10%) on :35 - 50 in :43 (5%) on 1:00 - 75 in 1:07 (CS) on 1:20 
**Main Set**
•  4x50 Swim in :43 (5%) on 1:00 4x400 Pull @80%, sighting every 8 strokes - Take 20s 4x50 Swim in :43 (5%) on 1:00 
**Cool-Down**
•  100 Choice

**Total: 3,799 yards (3,474 meters)**",76,4560
22,Endurance Build #8,2000,"**Warm Up**
-  600 as: - 200 Swim @50-70% - 2x25 Kick - Take 5s - 2x25 Pull, descend 1-3, 4 EASY - 200 Swim @70%
**Drill Set**
•  3x50 - Take 10s, as: - ODDS: 25 Catch Up Drill / 25 Swim - EVENS: 25 Backstroke / 25 Swim
**Pre-Set**
•  3x100 - Take 10-15s, as: 25@90%, 50@80%, 25@70%
**Main Set**
•  1x400 Swim in 6:06–6:11 (Z2) on 6:25 100 EASY Pull 3x100 Swim as: - ODDS: in 1:30 (CS) on 1:40 - EVENS: in 1:35 (Z1) on 1:45 100 EASY Pull 3x50 Swim in :41 (10%) on 1:00
**Cool Down**
•  2x25 Catch Up Drill - Take 5s 100 Choice

**Total: 3,499 yards (3,200 meters)**

**Total: 2000 yards**",40,2400
22,Endurance Build #8,2500,"**Warm Up**
-  600 as: - 200 Swim @50-70% - 3x25 Kick - Take 5s - 3x25 Pull, descend 1-3, 4 EASY - 200 Swim @70%
**Drill Set**
•  4x50 - Take 10s, as: - ODDS: 25 Catch Up Drill / 25 Swim - EVENS: 25 Backstroke / 25 Swim
**Pre-Set**
•  4x100 - Take 10-15s, as: 25@90%, 50@80%, 25@70%
**Main Set**
•  1x400 Swim in 6:06–6:11 (Z2) on 6:25 100 EASY Pull 4x100 Swim as: - ODDS: in 1:30 (CS) on 1:40 - EVENS: in 1:35 (Z1) on 1:45 100 EASY Pull 4x50 Swim in :41 (10%) on 1:00
**Cool Down**
•  3x25 Catch Up Drill - Take 5s 100 Choice

**Total: 3,499 yards (3,200 meters)**

**Total: 2500 yards**",50,3000
22,Endurance Build #8,3000,"**Warm Up**
-  600 as: - 200 Swim @50-70% - 3x25 Kick - Take 5s - 3x25 Pull, descend 1-3, 4 EASY - 200 Swim @70%
**Drill Set**
•  5x50 - Take 10s, as: - ODDS: 25 Catch Up Drill / 25 Swim - EVENS: 25 Backstroke / 25 Swim
**Pre-Set**
•  4x100 - Take 10-15s, as: 25@90%, 50@80%, 25@70%
**Main Set**
•  2x400 Swim in 6:06–6:11 (Z2) on 6:25 100 EASY Pull 5x100 Swim as: - ODDS: in 1:30 (CS) on 1:40 - EVENS: in 1:35 (Z1) on 1:45 100 EASY Pull 5x50 Swim in :41 (10%) on 1:00
**Cool Down**
•  3x25 Catch Up Drill - Take 5s 100 Choice

**Total: 3,499 yards (3,200 meters)**

**Total: 3000 yards**",60,3600
22,Endurance Build #8,3500,"**Warm-Up**
  -  600 as: - 200 Swim @50-70% - 4x25 Kick - Take 5s - 4x25 Pull, descend 1-3, 4 EASY - 200 Swim @70% 
**Drill Set**
•  6x50 - Take 10s, as: - ODDS: 25 Catch Up Drill / 25 Swim - EVENS: 25 Backstroke / 25 Swim 
**Pre-Set**
•  5x100 - Take 10-15s, as: 25@90%, 50@80%, 25@70% 
**Main Set**
•  2x400 Swim in 6:06–6:11 (Z2) on 6:25 100 EASY Pull 6x100 Swim as: - ODDS: in 1:30 (CS) on 1:40 - EVENS: in 1:35 (Z1) on 1:45 100 EASY Pull 6x50 Swim in :41 (10%) on 1:00 
**Cool-Down**
•  4x25 Catch Up Drill - Take 5s 100 Choice

**Total: 3,499 yards (3,200 meters)**",70,4200
23,Speed and Power #8,2000,"**Warm Up**
-  700 as: - 200 Swim @50-70% - 200 Pull @70% - 2x25 HARD - Take 10s - 200 Swim @70%
**Drill Set**
•  4x50 - Take 10s, as: - ODDS: 25 Finger Tip Drill / 25 Swim - EVENS: br3
**Pre-Set**
•  500 Pull as 100H/100E, 75H/75E, 50H/50E, 25H/25E
**Main Set**
•  4x100 Swim in 1:26 (5%) on 1:40 100 EASY Pull 2x200 Swim in 2:59–3:02 (CS) on 3:15 100 EASY Pull 2x50 Swim in :41 (10%) on 1:00
**Cool Down**
•  100 Choice

**Total: 3,699 yards (3,383 meters)**

**Total: 2000 yards**",40,2400
23,Speed and Power #8,2500,"**Warm Up**
-  700 as: - 200 Swim @50-70% - 200 Pull @70% - 3x25 HARD - Take 10s - 200 Swim @70%
**Drill Set**
•  5x50 - Take 10s, as: - ODDS: 25 Finger Tip Drill / 25 Swim - EVENS: br3
**Pre-Set**
•  500 Pull as 100H/100E, 75H/75E, 50H/50E, 25H/25E
**Main Set**
•  5x100 Swim in 1:26 (5%) on 1:40 100 EASY Pull 3x200 Swim in 2:59–3:02 (CS) on 3:15 100 EASY Pull 3x50 Swim in :41 (10%) on 1:00
**Cool Down**
•  100 Choice

**Total: 3,699 yards (3,383 meters)**

**Total: 2500 yards**",50,3000
23,Speed and Power #8,3000,"**Warm Up**
-  700 as: - 200 Swim @50-70% - 200 Pull @70% - 3x25 HARD - Take 10s - 200 Swim @70%
**Drill Set**
•  6x50 - Take 10s, as: - ODDS: 25 Finger Tip Drill / 25 Swim - EVENS: br3
**Pre-Set**
•  500 Pull as 100H/100E, 75H/75E, 50H/50E, 25H/25E
**Main Set**
•  6x100 Swim in 1:26 (5%) on 1:40 100 EASY Pull 3x200 Swim in 2:59–3:02 (CS) on 3:15 100 EASY Pull 3x50 Swim in :41 (10%) on 1:00
**Cool Down**
•  100 Choice

**Total: 3,699 yards (3,383 meters)**

**Total: 3000 yards**",60,3600
23,Speed and Power #8,3500,"**Warm Up**
-  700 as: - 200 Swim @50-70% - 200 Pull @70% - 4x25 HARD - Take 10s - 200 Swim @70%
**Drill Set**
•  8x50 - Take 10s, as: - ODDS: 25 Finger Tip Drill / 25 Swim - EVENS: br3
**Pre-Set**
•  500 Pull as 100H/100E, 75H/75E, 50H/50E, 25H/25E
**Main Set**
•  8x100 Swim in 1:26 (5%) on 1:40 100 EASY Pull 4x200 Swim in 2:59–3:02 (CS) on 3:15 100 EASY Pull 4x50 Swim in :41 (10%) on 1:00
**Cool Down**
•  100 Choice

**Total: 3,699 yards (3,383 meters)**

**Total: 3500 yards**",70,4200
23,Speed and Power #8,3700,"**Warm-Up**
  -  700 as: - 200 Swim @50-70% - 200 Pull @70% - 4x25 HARD - Take 10s - 200 Swim @70% 
**Drill Set**
•  8x50 - Take 10s, as: - ODDS: 25 Finger Tip Drill / 25 Swim - EVENS: br3 
**Pre-Set**
•  500 Pull as 100H/100E, 75H/75E, 50H/50E, 25H/25E 
**Main Set**
•  8x100 Swim in 1:26 (5%) on 1:40 100 EASY Pull 4x200 Swim in 2:59–3:02 (CS) on 3:15 100 EASY Pull 4x50 Swim in :41 (10%) on 1:00 
**Cool-Down**
•  100 Choice

**Total: 3,699 yards (3,383 meters)**",74,4440
